Điểm đến,Tỉnh/Thành phố,Loại thông tin,Nội dung chi tiết
Sapa,Lào Cai,Điểm đến,"Núi non hùng vĩ, ruộng bậc thang vàng óng, sương mù quanh năm, văn hóa dân tộc H'Mông - Dao - Tày, chợ tình, Fansipan (mái nhà Đông Dương, cáp treo cao nhất thế giới), bản Cát Cát (làng nghề dệt thổ cẩm), Tả Van (ruộng bậc thang và homestay yên bình), check-in: đồi chè Ô Long (hình trái tim), cầu Mây (cầu treo mạo hiểm), Cổng Trời (view toàn cảnh núi), Núi Hàm Rồng (vườn hoa và đá lạ), Thác Bạc (thác nước cao 200m), Đỉnh Đèo Ô Quy Hồ (đèo cao nhất Việt Nam, mây vờn), Nhà thờ đá (kiến trúc Pháp cổ), Chợ đêm Sapa (mua sắm đồ thủ công), Làng Tả Phìn (hang động cổ và tắm lá thuốc Dao Đỏ, trải nghiệm văn hóa dân tộc)."
Sapa,Lào Cai,Thời điểm đẹp nhất,"Tháng 9–11 (mùa lúa chín vàng rực, thời tiết mát 15–20°C, ít mưa, lý tưởng chụp ảnh và trekking). Tháng 3–5 (hoa đào, mận, lê nở rộ, hoa cải vàng, thời tiết khô ráo, phù hợp gia đình). Tháng 12–2 (có thể có tuyết rơi hiếm, lạnh 0–10°C, lãng mạn nhưng cần áo ấm). Tránh tháng 6–8 (mưa lớn, sạt lở đất, đường trơn trượt, hạn chế hoạt động ngoài trời)."
Sapa,Lào Cai,Mức độ an toàn,"An ninh tốt, ít trộm cắp nhưng cẩn thận túi xách ở chợ. Cẩn thận sạt lở mùa mưa (theo dõi VTV1 hoặc app thời tiết). Đường đèo dốc, nên đi xe limousine có tài xế kinh nghiệm, tránh tự lái nếu chưa quen. Không có dịch bệnh đặc biệt, nhưng mang thuốc cảm cúm vì lạnh đột ngột. Cấp cứu: 115 hoặc BVĐK Lào Cai (cách 38km). An toàn cho phụ nữ solo nếu ở khu trung tâm, tránh đi bộ một mình ban đêm ở bản xa."
Sapa,Lào Cai,Tổng chi phí (3N2Đ/1 người),"Xe limousine khứ hồi HN–Sapa: 500k-700k; Khách sạn 3 sao (view núi): 800k-1.2 triệu; Ăn uống (đặc sản Tây Bắc): 600k-800k; Vé cáp treo Fansipan: 800k-1 triệu (bao gồm tàu hỏa leo núi); Thuê xe máy: 200k-300k; Vé bản Cát Cát: 90k; Vé Núi Hàm Rồng: 70k; Tắm lá thuốc Dao: 150k; Tổng ≈ 3.2 triệu (tiết kiệm, homestay) → 5-7 triệu (thoải mái, tour riêng và ăn hải sản cao cấp)."
Sapa,Lào Cai,Gói tour tiết kiệm,"Combo Sapa 3N2Đ (xe limousine + ks 3* + tour bản Cát Cát/Tả Van + cáp treo Fansipan + bữa ăn): 2.2–2.8 triệu/người (Vietravel, Sa Pa Travel). Homestay bản (bao gồm ăn 3 bữa, trekking hướng dẫn địa phương): 1.5-2 triệu. Tour riêng 1 ngày Fansipan + bản + chợ tình: 1.2-1.5 triệu. Gói budget: xe đêm + homestay + tự khám phá: dưới 2 triệu."
Sapa,Lào Cai,Nơi ở (đề xuất 5),"1. An Sinh Sapa Hotel (500 Điện Biên Phủ) – 8.0/10 Booking, sạch sẽ, view phố núi, wifi mạnh, bữa sáng buffet, 400k-500k. 2. Sapa Relax Hotel & Spa (bản Tả Van) – 8.5/10, nhà sàn truyền thống, gần ruộng bậc thang, tắm lá thuốc, spa thư giãn, 450k-600k. 3. Mimosa Sapa Hotel (trung tâm) – 8.2/10, hồ bơi nhỏ, view Fansipan, phòng hiện đại, 450k-550k. 4. Topas Ecolodge (cách trung tâm 18km) – 9.0/10, bungalow đá sinh thái, hồ bơi vô cực, bữa ăn hữu cơ, 1.2-1.5 triệu. 5. Sapa Jade Hill Resort – 8.8/10, villa riêng biệt, vườn riêng, dịch vụ cao cấp, 1-1.2 triệu."
Sapa,Lào Cai,Di chuyển đến nơi,"Từ HN: xe khách giường nằm/limousine (6h, 450–600k khứ hồi, các hãng như Sapa Express, Inter Bus Lines). Tàu hỏa SP1/SP3 (8h, 1.2-1.5 triệu, ghế mềm hoặc giường nằm). Máy bay → Lào Cai (sân bay Nội Bài → Lào Cai 4h bay + xe đưa đón 80k/chiều). Xe đưa đón từ Lào Cai lên Sapa: 80k-100k. Từ các tỉnh khác: xe khách từ Lào Cai hoặc Yên Bái."
Sapa,Lào Cai,Giao thông nội bộ,"Thuê xe máy: 120–150k/ngày (giao tận ks, kiểm tra xăng và phanh). Taxi: Grab có sẵn, giá 15k/km, tiện cho nhóm. Xe ôm bản: 50k-100k/chiều (thương lượng). Xe bus nội bộ (Sapa - bản Cát Cát/Tả Van): 30k-50k. Xe điện tham quan trung tâm: 20k-50k. Đi bộ trekking bản: miễn phí nhưng nên có hướng dẫn địa phương (100k/giờ)."
Sapa,Lào Cai,Ẩm thực,"Thắng cố (nồi lẩu ngựa dân tộc, cay nồng), lợn cắp nách (lợn rừng nướng), cá hồi tươi (nướng hoặc lẩu), gà nướng tiêu xanh, xôi ngũ sắc (xôi màu từ lá rừng), mận hậu chấm muối ớt, rượu táo mèo (rượu ngâm trái rừng). Quán nổi bật: A Quỳnh (thắng cố chính gốc, 4 Thác Bạc), Hải Lâm (gà nướng và lẩu cá hồi, 69 Xuân Viên), Red Dao House (rau rừng và thịt trâu gác bếp, 4B Thác Bạc), A Phủ (lẩu cá tầm cao cấp, 15 Fansipan). Giá 80–250k/người. An toàn thực phẩm tốt ở quán uy tín, tránh ăn sống mùa mưa, thử rượu táo mèo nhưng không lạm dụng (rượu mạnh)."
Sapa,Lào Cai,Hoạt động độc đáo,"Trekking Fansipan (2N1Đ, độ khó trung bình, view mây núi), thăm bản Cát Cát (văn hóa H'Mông, dệt thổ cẩm), chợ tình thứ 7 (tối, âm nhạc dân tộc), chụp lúa chín ruộng bậc thang, cưỡi ngựa đồi chè Ô Long, tắm lá thuốc Dao Đỏ (Red Dao House, thư giãn cơ thể), leo núi Hàm Rồng (vườn hoa và đá lạ), ngắm mây Cổng Trời Ô Quy Hồ, khám phá hang động Tả Phìn, mua sắm chợ đêm (đồ thủ công, bạc). Tour trẻ em: vườn thú mini, cưỡi ngựa, làm thổ cẩm, paragliding nếu có (thử ở đồi chè, an toàn với hướng dẫn)."
Sapa,Lào Cai,Kết nối & giấy tờ,"Wifi mạnh ở trung tâm & khách sạn (tốc độ 50-100Mbps), yếu ở bản xa (dùng 4G Viettel phủ sóng tốt nhất). Không cần visa cho du lịch nội địa. Bảo hiểm du lịch: 200k/3 ngày (PTI hoặc Bảo Việt, bao trekking). Cấp cứu: 115 hoặc BVĐK Lào Cai. App hữu ích: Sapa Travel (tour), Grab (di chuyển), Google Maps Offline (trekking), AccuWeather (thời tiết), Duolingo (tiếng dân tộc cơ bản)."
Sapa,Lào Cai,Yếu tố cá nhân,"Phù hợp: cặp đôi (lãng mạn với sương mù và view núi), nhóm bạn (trekking mạo hiểm), gia đình có trẻ lớn (hoạt động nhẹ nhàng), solo backpacker (homestay rẻ và cộng đồng thân thiện). Mục đích: khám phá văn hóa dân tộc, chụp ảnh thiên nhiên, trekking thư giãn, 'đổi gió' từ thành phố. Cảm xúc: hùng vĩ thiên nhiên, gần gũi con người, thư giãn tinh thần, an toàn nhưng phiêu lưu vừa phải."
Sapa,Lào Cai,Thời tiết & trang phục,"Nhiệt độ: 15–25°C (mùa hè, khô ráo nhưng UV cao), 5–15°C (mùa đông, có thể dưới 0°C khi tuyết), độ ẩm cao quanh năm. Mùa mưa: 6–8 (mưa lớn, sạt lở). Mang: áo khoác gió chống lạnh, giày leo núi chống trượt (trekking), áo mưa poncho, mũ len và khăn quàng (đông), quần dài chống vắt và côn trùng, kem chống nắng SPF50, thuốc chống côn trùng (muỗi và vắt), ba lô nhỏ đựng nước và snack cho tour dài."

Hạ Long,Quảng Ninh,Điểm đến,"Vịnh di sản UNESCO với 2.000 đảo đá vôi, hang Sửng Sốt (hang động kỳ vĩ với nhũ đá), Thiên Cung (hang động ánh sáng lấp lánh), đảo Trống Mái (hình gà trống và mái), kayak qua hang tối, tắm biển đảo Ti Tốp (view toàn vịnh), du thuyền overnight (ngủ đêm trên vịnh), đảo Tuần Châu (công viên giải trí), Sun World (cáp treo Nữ Hoàng, công viên nước), Bãi Cháy (bãi biển dài), chợ đêm (mua sắm hải sản), thủy cung (trưng bày sinh vật biển), công viên nước (trượt nước), hang Đầu Gỗ (hang gỗ cổ), đảo Cát Bà gần đó (trekking rừng quốc gia)."
Hạ Long,Quảng Ninh,Thời điểm đẹp nhất,"Tháng 4–6 & 9–11: biển xanh ngọc, nắng đẹp ấm áp 25–30°C, ít mưa, lý tưởng du thuyền và kayak. Tránh 6–8 (bão, sóng lớn, nhiều tàu dừng). Mùa đông 12–2: lạnh 15–20°C, sương mù lãng mạn nhưng ít hoạt động ngoài trời, ít tàu chạy."
Hạ Long,Quảng Ninh,Mức độ an toàn,"An ninh cao ở khu du lịch, nhưng cẩn thận trộm cắp ở bãi biển và chợ. Bão mùa hè: theo dõi VTV hoặc app bão (Windy), tránh đi nếu cảnh báo. Nước biển sạch đạt chuẩn tắm, nhưng kiểm tra thủy triều. Cấp cứu: 115 hoặc BV Bãi Cháy (10km từ trung tâm). An toàn cho trẻ em nếu chọn tour có áo phao, tránh kayak nếu không biết bơi."
Hạ Long,Quảng Ninh,Tổng chi phí (2N1Đ/1 người),"Xe limousine HN–HL: 300k-400k; Du thuyền 4* overnight (ăn 3 bữa, kayak): 2.5-3.5 triệu; Ăn thêm hải sản: 500k-700k; Vé Sun World (cáp treo + công viên): 350k-500k; Kayak riêng: 200k; Tổng ≈ 4–5 triệu (du thuyền cao cấp) → 1.8-2.5 triệu (ở Bãi Cháy, tour ngày)."
Hạ Long,Quảng Ninh,Gói tour tiết kiệm,"Combo du thuyền 2N1Đ (Paradise Luxury, La Regina Legend): 2.8–3.5 triệu (bao ăn 3 bữa, kayak, thăm hang, leo Ti Tốp). Combo 1 ngày vịnh (du thuyền + ăn trưa + hang Sửng Sốt): 750k-1 triệu. Gói budget: xe khách + ks Bãi Cháy + tự kayak: dưới 2 triệu."
Hạ Long,Quảng Ninh,Nơi ở (đề xuất 5),"1. The Light Hotel (Bãi Cháy trung tâm) – 8.1/10, gần bãi biển, wifi, 400k-500k. 2. Tâm Anh Hotel – 7.8/10, view vịnh, bữa sáng, 350k-450k. 3. Kim Dung Hotel – 7.9/10, gần chợ đêm, tiện nghi cơ bản, 300k-400k. 4. Mường Thanh Luxury – 8.5/10, hồ bơi lớn, phòng sang, 800k-1 triệu. 5. Novotel Ha Long – 8.7/10, 4 sao quốc tế, spa và hồ bơi, 1.2-1.5 triệu."
Hạ Long,Quảng Ninh,Di chuyển đến nơi,"HN → HL: limousine (3.5h, 200–300k, hãng Camel Travel). Xe khách (250k, 4h). Tàu cao tốc từ Cát Bà (1h, 150k). Sân bay Vân Đồn (cách 50km, taxi 1.2 triệu hoặc bus shuttle 300k)."
Hạ Long,Quảng Ninh,Giao thông nội bộ,"Thuê xe máy: 150k-200k/ngày (khám phá đảo). Grab: 12k/km, tiện cho nhóm. Taxi Mai Linh (đo đồng hồ). Xe điện Sun World: 50k. Đi bộ Bãi Cháy (miễn phí). Xe đạp: 80k/ngày cho bãi biển."
Hạ Long,Quảng Ninh,Ẩm thực,"Hải sản tươi: tôm hùm nướng, mực tươi xào, sá sùng (giun biển đặc sản), chả mực (chả giã tay), ghẹ rang me. Quán nổi: Cua Vàng (view biển, hải sản sống), Sen Á Đông (buffet hải sản), Hải Sản 26 (bình dân, giá rẻ), Bà Liên (cơm gà và hải sản xào). Giá 150–400k/người. An toàn cao ở quán uy tín, chọn hải sản sống để tránh ngộ độc."
Hạ Long,Quảng Ninh,Hoạt động độc đáo,"Du thuyền ngủ đêm (ngắm hoàng hôn vịnh), kayak qua hang tối (khám phá hang động), leo đảo Ti Tốp (view 360 độ), cáp treo Nữ Hoàng (view từ trên cao), Sun World (công viên nước, tàu lượn, thủy cung), chợ đêm (mua sắm và ăn vặt), thăm hang Đầu Gỗ (hang gỗ cổ kính). Trẻ em: công viên nước, bãi tắm Tuần Châu, thủy cung (xem cá heo)."
Hạ Long,Quảng Ninh,Kết nối & giấy tờ,"Wifi mạnh khắp nơi (100Mbps+ ở ks), 4G phủ sóng toàn vịnh (Viettel tốt nhất). Không visa nội địa. Bảo hiểm: 150k/2 ngày (bao kayak). Cấp cứu: 115. App: Halong Bay Cruise (book tour), Grab (di chuyển), Sun World (vé online), Windy (dự báo bão)."
Hạ Long,Quảng Ninh,Yếu tố cá nhân,"Phù hợp: gia đình (công viên và tắm biển), cặp đôi (du thuyền lãng mạn), nhóm bạn/team building (kayak và leo núi). Mục đích: nghỉ dưỡng biển, chụp ảnh hùng vĩ, khám phá hang động. Cảm xúc: lãng mạn với hoàng hôn, hùng vĩ thiên nhiên, vui vẻ với hoạt động ngoài trời, an toàn cao cho mọi lứa tuổi."
Hạ Long,Quảng Ninh,Thời tiết & trang phục,"Nhiệt độ: 20–30°C (ấm áp), độ ẩm cao. Mùa mưa: 6–8 (bão, mưa lớn). Mang: đồ bơi (tắm biển), kem chống nắng SPF50, áo khoác mỏng (tối lạnh trên thuyền), dép lê (bãi biển), mũ rộng vành, áo mưa nhỏ (mưa bất chợt), quần short và áo thoáng cho kayak."

Hà Giang,Hà Giang,Điểm đến,"Cao nguyên đá Đồng Văn (Di sản UNESCO, đá tai mèo hùng vĩ), đèo Mã Pí Lèng (đèo đẹp nhất Việt Nam, view sông Nho Quế), cột cờ Lũng Cú (cực Bắc Việt Nam), sông Nho Quế (kayak sông xanh), hoa tam giác mạch (cánh đồng tím), chợ phiên (Phó Bảng cổ kính, Đồng Văn nhộn nhịp), phượt xe máy (loop 350km), văn hóa H'Mông (làng Lũng Cẩm), Phó Cáo (làng đá), Yên Minh (rừng thông)."
Hà Giang,Hà Giang,Thời điểm đẹp nhất,"Tháng 10–12 (hoa tam giác mạch tím hồng nở rộ, thời tiết mát 15–20°C). Tháng 3–4 (hoa đào, mận trắng). Tránh 6–8 (mưa lũ, sạt lở, đường nguy hiểm)."
Hà Giang,Hà Giang,Mức độ an toàn,"An ninh tốt ở khu du lịch. Đường đèo nguy hiểm (Mã Pí Lèng dốc cao), cần xe số mạnh và kỹ năng lái tốt, tránh mưa. Không dịch bệnh, nhưng mang thuốc say xe. Cấp cứu: 115 hoặc BVĐK Hà Giang (TP). An toàn cho phượt thủ nếu đi nhóm, tránh solo ở đèo xa."
Hà Giang,Hà Giang,Tổng chi phí (4N3Đ/1 người),"Xe khách HN–HG: 600k-800k; Homestay: 600k-800k; Ăn: 600k; Xăng + thuê xe máy: 500k-700k; Vé cột cờ Lũng Cú: 25k; Vé chợ phiên: miễn phí; Tổng ≈ 2.8-3.5 triệu (phượt tự túc) → 4.5-5.5 triệu (tour hướng dẫn)."
Hà Giang,Hà Giang,Gói tour tiết kiệm,"Tour phượt 4N3Đ (xe máy + homestay + HDV địa phương): 3.5–4.5 triệu (Hagiang Loop, bao ăn nhẹ). Tour xe hơi riêng (an toàn hơn): 6-7 triệu. Gói budget: xe khách + thuê xe + tự loop: dưới 3 triệu."
Hà Giang,Hà Giang,Nơi ở (đề xuất 5),"1. Cao Nguyên Hotel (TP Hà Giang) – 8.0/10, trung tâm, 400k-500k. 2. Anh Tú Homestay – 8.2/10, giá rẻ, 350k. 3. Đồng Văn Ancient Town Homestay – 8.5/10, view cao nguyên đá, 450k-550k. 4. P'apiu Resort (Yên Minh) – 8.8/10, bungalow cao cấp, 1-1.2 triệu. 5. Homestay Lũng Cẩm – 8.3/10, nhà trình tường truyền thống, 400k."
Hà Giang,Hà Giang,Di chuyển đến nơi,"HN → HG: xe khách đêm (7h, 300k-400k, hãng Hà Giang Express). Xe máy tự lái (2 ngày, xăng 500k). Không sân bay gần, gần nhất là Nội Bài + xe."
Hà Giang,Hà Giang,Giao thông nội bộ,"Thuê xe máy: 200k-300k/ngày (xe số cho đèo). Không Grab, dùng xe chung địa phương: 50k-100k/chiều. Xe hơi tour: 500k/ngày nếu không tự lái."
Hà Giang,Hà Giang,Ẩm thực,"Thắng cố (lẩu dân tộc), phở chua (phở cay chua), cháo ấu tẩu (bổ dưỡng), bánh cuốn trứng, men mén (bánh ngô), rượu ngô. Quán: Âu Việt (lẩu cá sông Lô), Quyên (phở chua gia truyền), Ngân Hà (cháo ấu tẩu). Giá 30–100k/người."
Hà Giang,Hà Giang,Hoạt động độc đáo,"Phượt loop 3-4 ngày (350km, qua đèo và cao nguyên), ngắm Mã Pí Lèng và sông Nho Quế, leo cột cờ Lũng Cú, chợ phiên Phó Bảng/T7 Đồng Văn (mua thổ cẩm), chụp hoa tam giác mạch, thăm làng H'Mông Lũng Cẩm (nhà trình tường). Trẻ em: cưỡi ngựa, làm thổ cẩm, kayak sông nhẹ."
Hà Giang,Hà Giang,Kết nối & giấy tờ,"4G yếu ở đèo (Viettel tốt nhất), mạnh ở thị trấn. Không visa. Bảo hiểm: 200k (bao phượt). App: Hagiang Epic (tour), Maps Offline (đường đèo), Windy (thời tiết)."
Hà Giang,Hà Giang,Yếu tố cá nhân,"Phù hợp: phượt thủ, nhóm bạn (mạo hiểm), cặp đôi (view lãng mạn). Mục đích: mạo hiểm đèo, chụp ảnh hoa, văn hóa dân tộc. Cảm xúc: tự do phiêu lưu, hùng vĩ thiên nhiên, nguyên sơ văn hóa."
Hà Giang,Hà Giang,Thời tiết & trang phục,"10–25°C, lạnh đông dưới 10°C. Mưa 6–8. Mang: áo khoác gió, găng tay lái xe, giày chống trượt, mũ, quần dài, áo mưa, thuốc say xe và cảm cúm."

Ninh Bình,Ninh Bình,Điểm đến,"Hạ Long trên cạn, Tràng An (UNESCO, hang động sông nước), Tam Cốc (thuyền chèo qua hang), Hang Múa (leo 500 bậc thang view ruộng), chùa Bái Đính (chùa lớn nhất Đông Nam Á), cố đô Hoa Lư (di tích lịch sử), đạp xe làng quê (ruộng lúa), vườn chim Thung Nham (chim di cư), động Am Tiêm (hang động cổ), chùa Non Nước (thơ mộng)."
Ninh Bình,Ninh Bình,Thời điểm đẹp nhất,"Tháng 1–4 (mùa sen nở, ít khách, 20–25°C, khô ráo). Tháng 9–11 (lúa chín vàng, thời tiết mát). Tránh 5–8 (nắng nóng 35°C+, đông khách)."
Ninh Bình,Ninh Bình,Mức độ an toàn,"Rất an toàn, ít tội phạm. Nước sạch, nhưng cẩn thận trượt khi leo Hang Múa. Cấp cứu: 115 hoặc BVĐK Ninh Bình (TP). An toàn cho gia đình, trẻ em chơi thuyền."
Ninh Bình,Ninh Bình,Tổng chi phí (2N1Đ/1 người),"Xe HN–NB: 200k-300k; KS: 600k; Ăn: 300k-400k; Vé Tràng An: 250k; Hang Múa: 100k; Vé Bái Đính: 50k; Tổng ≈ 1.8-2.5 triệu."
Ninh Bình,Ninh Bình,Gói tour tiết kiệm,"Combo Tràng An – Bái Đính – Hang Múa (xe đưa đón + vé + ăn trưa): 650k-800k/người. Tour 2 ngày (bao ks): 1.5-2 triệu."
Ninh Bình,Ninh Bình,Nơi ở (đề xuất 5),"1. Tam Cốc Banana Bungalow – 8.2/10, view ruộng, 400k. 2. Bái Đính Garden Resort – 8.0/10, gần chùa, 350k. 3. Aravinda Resort – 8.3/10, sinh thái hồ bơi, 450k. 4. Ninh Binh Hidden Charm – 8.7/10, hồ bơi, 800k. 5. Emeralda Resort – 9.0/10, 5 sao cao cấp, 1.5 triệu."
Ninh Bình,Ninh Bình,Di chuyển đến nơi,"HN → NB: xe khách (2h, 100k-150k), tàu hỏa (2h, 150k-200k). Xe máy tự lái (2.5h)."
Ninh Bình,Ninh Bình,Giao thông nội bộ,"Thuê xe đạp: 50k/ngày (đạp xe quê). Xe máy: 120k-150k. Grab/taxi: sẵn có."
Ninh Bình,Ninh Bình,Ẩm thực,"Dê núi (nướng hoặc tái chanh), cơm cháy giòn, miến lươn, ốc núi. Quán: Bà Phấn (miến lươn), Thăng Long (dê núi), Ba Cửa (cơm cháy dê). Giá 50–200k."
Ninh Bình,Ninh Bình,Hoạt động độc đáo,"Thuyền Tràng An (hang động), leo Hang Múa (view 360), đạp xe làng quê, chùa Bái Đính (cầu nguyện), vườn chim Thung Nham (ngắm chim). Trẻ em: đạp xe, thuyền nhỏ, vườn chim."
Ninh Bình,Ninh Bình,Kết nối & giấy tờ,"Wifi mạnh khắp nơi. Không visa. Cấp cứu: 115. App: Ninh Binh Travel, Grab."
Ninh Bình,Ninh Bình,Yếu tố cá nhân,"Phù hợp: gia đình (hoạt động nhẹ), cặp đôi (view thơ mộng). Mục đích: văn hóa lịch sử, thư giãn thiên nhiên. Cảm xúc: bình yên, cổ kính."
Ninh Bình,Ninh Bình,Thời tiết & trang phục,"20–30°C, nóng hè. Mùa khô 1–4. Mang: mũ nón, kem chống nắng, giày thể thao leo núi, áo thoáng cho thuyền."

Mai Châu,Hòa Bình,Điểm đến,"Thung lũng xanh mướt, nhà sàn Thái trắng, ruộng bậc thang, đạp xe bản Lác (làng Thái cổ), Poom Coọng (bản làng yên bình), hang Chiều (hang động đá vôi), thác Gò Lào (tắm thác), chợ phiên Pa Co (mua sắm dân tộc)."
Mai Châu,Hòa Bình,Thời điểm đẹp nhất,"Tháng 9–11 (lúa chín vàng, 20–25°C). Tháng 3–5 (hoa ban trắng nở). Tránh 6–8 (mưa lớn)."
Mai Châu,Hòa Bình,Mức độ an toàn,"Rất an toàn, dân thân thiện. Không thiên tai lớn. Cấp cứu: 115 hoặc BVĐK Hòa Bình (60km)."
Mai Châu,Hòa Bình,Tổng chi phí (2N1Đ/1 người),"Xe HN–MC: 300k-400k; Homestay: 500k; Ăn: 300k-400k; Xe đạp: 50k; Tổng ≈ 1.5-2 triệu."
Mai Châu,Hòa Bình,Gói tour tiết kiệm,"Combo 2N1Đ (xe + homestay + tour bản + múa sạp): 1.2-1.5 triệu."
Mai Châu,Hòa Bình,Nơi ở (đề xuất 5),"1. Khoa Thanh Hotel – 8.0/10, trung tâm, 400k. 2. Mai Châu Farmstay – 8.1/10, view thung lũng, 450k. 3. Homestay bản Lác – 8.3/10, nhà sàn, 350k. 4. Mai Chau Ecolodge – 8.8/10, sinh thái, 1 triệu. 5. An Lac Ecolodge – 8.5/10, hồ bơi, 800k."
Mai Châu,Hòa Bình,Di chuyển đến nơi,"HN → MC: xe khách (4h, 150k-200k). Xe máy (4h)."
Mai Châu,Hòa Bình,Giao thông nội bộ,"Xe đạp: 50k (đạp bản). Xe máy: 120k. Đi bộ bản miễn phí."
Mai Châu,Hòa Bình,Ẩm thực,"Cơm lam (cơm nướng ống tre), thịt nướng lá chuối, xôi ngũ sắc, cá suối nướng. Quán: 3 Chị Em (dân dã), Hợp Thủy (sang trọng), Nhà sàn số 9. Giá 50–150k."
Mai Châu,Hòa Bình,Hoạt động độc đáo,"Đạp xe bản Lác, múa sạp dân tộc, ngủ nhà sàn, chợ phiên Pa Co, trekking hang Chiều, tắm thác Gò Lào. Trẻ em: cưỡi trâu, làm thổ cẩm."
Mai Châu,Hòa Bình,Kết nối & giấy tờ,"4G tốt (Viettel). Không visa. App: Mai Chau Travel."
Mai Châu,Hòa Bình,Yếu tố cá nhân,"Phù hợp: gia đình, cặp đôi (nghỉ dưỡng). Mục đích: gần gũi thiên nhiên. Cảm xúc: bình dị, thư giãn."
Mai Châu,Hòa Bình,Thời tiết & trang phục,"18–28°C. Mang: áo dài tay, giày đi bộ, áo mưa, mũ nón."

Mộc Châu,Sơn La,Điểm đến,"Đồi chè trái tim (hình trái tim xanh mướt), thác Dải Yếm (thác nước cao), mùa hoa mận/cải trắng (cánh đồng hoa), nông trại sữa (thăm bò và sữa tươi), đồi thông Bản Áng (dã ngoại), hang Dơi (hang động), vườn dâu tây (hái dâu), rừng thông Bản Áng (cắm trại)."
Mộc Châu,Sơn La,Thời điểm đẹp nhất,"Tháng 12–2 (hoa mận trắng, 10–18°C). Tháng 10–11 (cải trắng nở). Tháng 3–4 (hoa đào rực)."
Mộc Châu,Sơn La,Mức độ an toàn,"An toàn cao. Đường đèo cẩn thận. Cấp cứu: 115 hoặc BVĐK Sơn La (100km)."
Mộc Châu,Sơn La,Tổng chi phí (2N1Đ/1 người),"Xe HN–MC: 400k-500k; KS: 600k; Ăn: 400k; Vé đồi chè: 20k-50k; Tổng ≈ 1.8-2.5 triệu."
Mộc Châu,Sơn La,Gói tour tiết kiệm,"Combo 2N1Đ (xe + ks + tour đồi chè + hái dâu): 1.5-2 triệu."
Mộc Châu,Sơn La,Nơi ở (đề xuất 5),"1. Hoa Ban Hotel – 7.9/10, gần bến xe, 350k. 2. Suối Tiên – 8.0/10, sạch sẽ, 300k. 3. Sao Xanh – 8.1/10, view đồi chè, 400k. 4. Mộc Châu Arena Village – 8.7/10, bungalow, 800k. 5. Thảo Nguyên Resort – 8.5/10, hồ bơi, 700k."
Mộc Châu,Sơn La,Di chuyển đến nơi,"HN → MC: xe khách (5h, 200k-300k). Xe máy (5h)."
Mộc Châu,Sơn La,Giao thông nội bộ,"Xe máy: 150k-200k. Taxi địa phương."
Mộc Châu,Sơn La,Ẩm thực,"Bê chao (bê xào lăn), cá hồi nướng, sữa tươi nguyên chất, dâu tây tươi. Quán: Đông Hải (bê sữa), Cá Hồi 64 (cá hồi), Xuân Bắc 181. Giá 150–300k."
Mộc Châu,Sơn La,Hoạt động độc đáo,"Chụp đồi chè trái tim, cưỡi ngựa đồi thông, hái dâu tây, thăm nông trại sữa và bò, trekking hang Dơi, cắm trại rừng thông Bản Áng. Trẻ em: hái dâu, cưỡi ngựa, thăm nông trại."
Mộc Châu,Sơn La,Kết nối & giấy tờ,"4G tốt. Không visa. App: Moc Chau Tourism."
Mộc Châu,Sơn La,Yếu tố cá nhân,"Phù hợp: cặp đôi (ảnh lãng mạn), gia đình. Mục đích: thiên nhiên, nghỉ dưỡng. Cảm xúc: trong lành, thơ mộng."
Mộc Châu,Sơn La,Thời tiết & trang phục,"10–20°C, lạnh đông. Mang: áo ấm dày, khăn quàng, giày thể thao, mũ nón."

Cao Bằng,Cao Bằng,Điểm đến,"Thác Bản Giốc (thác biên giới VN-TQ, cao 60m rộng 300m), động Ngườm Ngao (hang động nhũ đá lấp lánh), Pác Bó (di tích lịch sử, hang Cốc Bó), suối Lê-nin (suối xanh trong), cao nguyên đá (cảnh quan đá vôi), hang Cốc Mạc (hang động), làng rèn Phúc Sen (làng nghề truyền thống)."
Cao Bằng,Cao Bằng,Thời điểm đẹp nhất,"Tháng 8–11 (nước thác dồi dào, 20–28°C). Tháng 3–4 (hoa đào nở)."
Cao Bằng,Cao Bằng,Mức độ an toàn,"An toàn, dân thân thiện. Đường xa đèo dốc cẩn thận. Cấp cứu: 115 hoặc BVĐK Cao Bằng."
Cao Bằng,Cao Bằng,Tổng chi phí (3N2Đ/1 người),"Xe HN–CB: 700k-800k; KS: 700k; Ăn: 500k; Vé thác Bản Giốc: 50k; Tổng ≈ 2.5-3 triệu."
Cao Bằng,Cao Bằng,Gói tour tiết kiệm,"Tour 3N2Đ (xe + ks + HDV + thác + Pác Bó): 3-3.5 triệu."
Cao Bằng,Cao Bằng,Nơi ở (đề xuất 5),"1. Jeanne Hotel – 8.0/10, trung tâm, 400k. 2. Dương Hà – 7.9/10, 350k. 3. Sài Gòn Bản Giốc – 8.2/10, view thác, 450k. 4. Max Boutique Hotel – 8.5/10, hiện đại, 600k. 5. Homestay Pác Bó – 8.0/10, gần di tích, 300k."
Cao Bằng,Cao Bằng,Di chuyển đến nơi,"HN → CB: xe khách (8h, 350k-400k). Xe máy (2 ngày)."
Cao Bằng,Cao Bằng,Giao thông nội bộ,"Xe máy: 200k-250k/ngày."
Cao Bằng,Cao Bằng,Ẩm thực,"Phở chua (phở cay chua), vịt quay lá mắc mật, hạt dẻ rang, lạp xưởng hun khói. Quán: Quyên (phở chua), Mỹ Vị (lẩu cá), Dân Tộc Quán. Giá 50–200k."
Cao Bằng,Cao Bằng,Hoạt động độc đáo,"Ngắm thác Bản Giốc (thuyền gần thác), khám phá động Ngườm Ngao, thăm Pác Bó (lịch sử cách mạng), tắm suối Lê-nin, trekking cao nguyên đá, làng rèn Phúc Sen (xem rèn dao). Trẻ em: tắm suối, thăm làng nghề."
Cao Bằng,Cao Bằng,Kết nối & giấy tờ,"4G yếu ở thác (Viettel). Không visa."
Cao Bằng,Cao Bằng,Yếu tố cá nhân,"Phù hợp: khám phá lịch sử, thiên nhiên. Mục đích: mạo hiểm nhẹ. Cảm xúc: hùng vĩ, nguyên sơ."
Cao Bằng,Cao Bằng,Thời tiết & trang phục,"18–28°C. Mang: áo mưa, giày chống trượt, mũ nón."

Lạng Sơn,Lạng Sơn,Điểm đến,"Vịt quay Macao, chợ Kỳ Lừa (chợ biên giới), Mẫu Sơn (núi tuyết hiếm), ải Chi Lăng (di tích lịch sử), biên giới Tân Thanh (mua sắm), chùa Tam Thanh (chùa cổ), động Nhị Thanh (hang động)."
Lạng Sơn,Lạng Sơn,Thời điểm đẹp nhất,"Tháng 11–2 (Mẫu Sơn tuyết rơi, 5–15°C). Tháng 3–4 (hoa đào)."
Lạng Sơn,Lạng Sơn,Mức độ an toàn,"An toàn. Biên giới cần CMND. Cấp cứu: 115 hoặc BVĐK Lạng Sơn."
Lạng Sơn,Lạng Sơn,Tổng chi phí (2N1Đ/1 người),"Xe HN–LS: 300k-400k; KS: 600k; Ăn: 400k; Tổng ≈ 1.6-2 triệu."
Lạng Sơn,Lạng Sơn,Gói tour tiết kiệm,"Combo Mẫu Sơn 2N1Đ (xe + ks + leo núi): 1.4-1.8 triệu."
Lạng Sơn,Lạng Sơn,Nơi ở (đề xuất 5),"1. Hoàng Sơn Hải – 7.9/10, gần chợ, 350k. 2. Vi Boutique – 8.0/10, 400k. 3. Long Vũ – 8.1/10, 450k. 4. Mường Thanh Lạng Sơn – 8.5/10, cao cấp, 800k. 5. Homestay Mẫu Sơn – 8.0/10, view núi, 300k."
Lạng Sơn,Lạng Sơn,Di chuyển đến nơi,"HN → LS: xe khách (3h, 150k-200k). Tàu hỏa (3h, 200k)."
Lạng Sơn,Lạng Sơn,Giao thông nội bộ,"Xe máy: 150k-200k. Taxi địa phương."
Lạng Sơn,Lạng Sơn,Ẩm thực,"Vịt quay lá mắc mật, phở chua, bánh cuốn trứng, nem nướng Hữu Lũng. Quán: Vi Tặng (phở vịt), Xuân Sửu (áp chao), 168 (lẩu dê). Giá 50–150k."
Lạng Sơn,Lạng Sơn,Hoạt động độc đáo,"Leo Mẫu Sơn (ngắm tuyết), chợ biên giới Kỳ Lừa/Tân Thanh (mua sắm), thăm ải Chi Lăng (lịch sử), chùa Tam Thanh (cầu nguyện), khám phá động Nhị Thanh. Trẻ em: chợ phiên, leo núi nhẹ."
Lạng Sơn,Lạng Sơn,Kết nối & giấy tờ,"4G tốt. Không visa, mang CMND biên giới."
Lạng Sơn,Lạng Sơn,Yếu tố cá nhân,"Phù hợp: ăn uống, mua sắm biên giới. Mục đích: khám phá. Cảm xúc: vui vẻ, dân dã."
Lạng Sơn,Lạng Sơn,Thời tiết & trang phục,"10–20°C, lạnh đông. Mang: áo ấm dày, khăn, giày leo núi."

Hà Nội,Hà Nội,Điểm đến,"Hồ Gươm (hồ trung tâm, tháp Rùa), Văn Miếu (đại học đầu tiên), phố cổ (36 phố phường), Hồ Tây (hồ lớn, chèo thuyền), Lăng Bác (di tích lịch sử), Hoàng thành Thăng Long (UNESCO), múa rối nước (nghệ thuật dân gian), chợ đêm (mua sắm), phố đi bộ (cuối tuần), cầu Long Biên (cầu cổ), nhà hát lớn (kiến trúc Pháp)."
Hà Nội,Hà Nội,Thời điểm đẹp nhất,"Cả năm. Mùa thu 9–11 (20–28°C, dễ chịu, lá vàng). Tránh hè 5–8 (nắng nóng 35°C+)."
Hà Nội,Hà Nội,Mức độ an toàn,"An toàn, nhưng cẩn thận xe máy hỗn loạn, trộm cắp ở chỗ đông. Cấp cứu: 115 hoặc BV Bạch Mai."
Hà Nội,Hà Nội,Tổng chi phí (2N1Đ/1 người),"KS: 600k-800k; Ăn: 400k; Vé: 200k-300k; Tổng ≈ 1.5-2 triệu."
Hà Nội,Hà Nội,Gói tour tiết kiệm,"City tour 1 ngày (xe + HDV + phố cổ + Hồ Gươm): 500k-700k."
Hà Nội,Hà Nội,Nơi ở (đề xuất 5),"1. Hanoi Sky – 8.2/10, phố cổ, 400k. 2. Luxury Backpackers – 8.0/10, budget, 350k. 3. A83 – 8.1/10, 450k. 4. La Siesta – 9.0/10, cao cấp, 1 triệu. 5. Sofitel Metropole – 9.5/10, lịch sử, 3 triệu."
Hà Nội,Hà Nội,Di chuyển đến nơi,"Máy bay sân bay Nội Bài (taxi 300k), tàu hỏa, xe khách từ các tỉnh."
Hà Nội,Hà Nội,Giao thông nội bộ,"Grab (xe máy 20k/km), xe buýt (7k/lượt), xe đạp (50k/ngày), tàu điện Cát Linh (30k)."
Hà Nội,Hà Nội,Ẩm thực,"Phở bò, bún chả (Obama ăn), bánh cuốn, cà phê trứng. Quán: Hàng Mành (bún chả), Thìn (phở), Giang (cà phê). Giá 50–100k."
Hà Nội,Hà Nội,Hoạt động độc đáo,"Dạo phố cổ, thăm Hồ Gươm, Văn Miếu, múa rối nước, phố đi bộ (âm nhạc đường phố), cầu Long Biên (ngắm sông Hồng). Trẻ em: công viên nước, bảo tàng dân tộc học."
Hà Nội,Hà Nội,Kết nối & giấy tờ,"Wifi mạnh khắp nơi. Không visa. App: Hanoi Travel, Grab."
Hà Nội,Hà Nội,Yếu tố cá nhân,"Phù hợp: tất cả (thành phố đa dạng). Mục đích: văn hóa, ẩm thực. Cảm xúc: sôi động, cổ kính."
Hà Nội,Hà Nội,Thời tiết & trang phục,"Mùa thu: 20–28°C. Mang: áo mỏng, giày đi bộ thoải mái."

Pu Luong,Thanh Hóa,Điểm đến,"Ruộng bậc thang xanh mướt, bản Kho Mường (làng Thái cổ), trekking rừng quốc gia, rafting sông Mã, homestay lưng núi, thác Hiêu (thác nước cao), hang Dơi (hang động), bản Đôn (làng trung tâm), bản Kho Mường (ruộng và nhà sàn)."
Pu Luong,Thanh Hóa,Thời điểm đẹp nhất,"Tháng 5–6 (nước đổ ruộng bậc thang xanh), Tháng 9–10 (lúa chín vàng óng)."
Pu Luong,Thanh Hóa,Mức độ an toàn,"An toàn, dân thân thiện. Đường trekking cần giày tốt, tránh mưa trơn. Cấp cứu: 115 hoặc BVĐK Thanh Hóa (100km)."
Pu Luong,Thanh Hóa,Tổng chi phí (3N2Đ/1 người),"Xe HN–PL: 500k-600k; Homestay: 800k; Ăn: 500k; Trekking: 200k; Tổng ≈ 2.5-3 triệu."
Pu Luong,Thanh Hóa,Gói tour tiết kiệm,"Tour 3N2Đ (xe + homestay + trekking + rafting): 2.8-3.5 triệu."
Pu Luong,Thanh Hóa,Nơi ở (đề xuất 5),"1. Pu Luong Ecocharm – 8.2/10, sinh thái, 400k. 2. Natura Bungalow – 8.0/10, nhà sàn, 350k. 3. Valley Homestay – 7.9/10, thân thiện, 300k. 4. Pu Luong Retreat – 8.8/10, resort, 1 triệu. 5. Hiêu Homestay – 8.3/10, gần thác, 450k."
Pu Luong,Thanh Hóa,Di chuyển đến nơi,"HN → PL: xe khách + xe ôm (5h, 250k-300k). Xe máy (5h)."
Pu Luong,Thanh Hóa,Giao thông nội bộ,"Xe máy: 150k-200k. Đi bộ trekking miễn phí."
Pu Luong,Thanh Hóa,Ẩm thực,"Vịt cổ lũng nướng, cơm lam ống tre, rau rừng xào. Quán: Đặc Sản Pu Luong (dân tộc), Hiêu Quán (gần thác). Giá 100–250k."
Pu Luong,Thanh Hóa,Hoạt động độc đáo,"Trekking bản Đôn - Kho Mường (ruộng bậc thang), rafting sông Mã (mạo hiểm), ngủ nhà sàn, tắm thác Hiêu, khám phá hang Dơi. Trẻ em: rafting nhẹ, thăm bản làng."
Pu Luong,Thanh Hóa,Kết nối & giấy tờ,"4G yếu ở rừng (Viettel). Không visa. App: Pu Luong Travel."
Pu Luong,Thanh Hóa,Yếu tố cá nhân,"Phù hợp: trekking yêu thiên nhiên, gia đình. Mục đích: nghỉ dưỡng sinh thái. Cảm xúc: yên bình, nguyên sơ."
Pu Luong,Thanh Hóa,Thời tiết & trang phục,"20–30°C. Mang: giày leo núi, áo mưa, quần dài chống côn trùng."

Đà Nẵng,Đà Nẵng,Điểm đến,"Thành phố biển hiện đại với Cầu Rồng phun lửa/nước cuối tuần, Bán đảo Sơn Trà (núi khỉ, chùa Linh Ứng với tượng Phật cao 67m), Bà Nà Hills (công viên giải trí kiểu châu Âu, Cầu Vàng tay Phật khổng lồ), bãi biển Mỹ Khê (bãi biển đẹp nhất Việt Nam, cát trắng mịn, sóng nhẹ), Ngũ Hành Sơn (núi đá Marble Mountains với hang động, chùa chiền, làng nghề đá Non Nước), chợ Hàn (mua sắm hải sản khô, đồ lưu niệm), ẩm thực đường phố phong phú, check-in: Cầu Vàng, Sun World Ba Na Hills (cáp treo dài nhất thế giới), chợ đêm Helio, Dragon Bridge, Cham Museum (bảo tàng Chăm lớn nhất), Son Tra Peninsula (rừng quốc gia, khỉ hoang dã)."
Đà Nẵng,Đà Nẵng,Thời điểm đẹp nhất,"Tháng 4–6 & 9–11: nắng đẹp, biển xanh ngọc, 25–30°C, ít mưa, lý tưởng du thuyền và khám phá. Tránh 6–8 (bão, sóng lớn), mùa đông 12–2: lạnh 15–20°C, sương mù, ít hoạt động biển, nhưng ít khách hơn."
Đà Nẵng,Đà Nẵng,Mức độ an toàn,"An ninh cao ở khu du lịch, thành phố sạch sẽ, ít tội phạm. Cẩn thận trộm cắp ở bãi biển và chợ đông đúc. Bão mùa hè: theo dõi VTV hoặc app Windy, tránh đi nếu cảnh báo. Nước biển sạch đạt chuẩn tắm, có cứu hộ. Không dịch bệnh đặc biệt, nhưng mang thuốc cảm cúm nếu lạnh đột ngột. Cấp cứu: 115 hoặc BV Đà Nẵng (trung tâm thành phố)."
Đà Nẵng,Đà Nẵng,Tổng chi phí (3N2Đ/1 người),"Vé máy bay khứ hồi HN/TPHCM–ĐN: 1.5-2 triệu; Khách sạn 3 sao (view biển): 800k-1.2 triệu; Ăn uống (hải sản, đặc sản): 600k-800k; Vé Bà Nà Hills (cáp treo + công viên): 900k-1.2 triệu; Thuê xe máy: 200k-300k; Vé Marble Mountains: 40k; Tổng ≈ 3.5-5 triệu (tiết kiệm, homestay) → 7-9 triệu (thoải mái, resort cao cấp và ăn hải sản sang)."
Đà Nẵng,Đà Nẵng,Gói tour tiết kiệm,"Combo 3N2Đ (bay + ks 3* + Bà Nà + Mỹ Khê + tour thành phố): 2.5–3.5 triệu/người (Vietravel, Klook). Tour ngày Bà Nà Hills (cáp treo + ăn trưa): 1.2-1.5 triệu. Gói budget: xe khách + homestay + tự khám phá: dưới 2.5 triệu."
Đà Nẵng,Đà Nẵng,Nơi ở (đề xuất 5),"1. Furama Resort (bãi biển Mỹ Khê) – 9.0/10 Booking, sạch sẽ, hồ bơi vô cực, spa, bữa sáng buffet, wifi mạnh, gần trung tâm, 1.5-2 triệu. 2. Wyndham Danang (view vịnh) – 8.7/10, tiện nghi hiện đại, bữa sáng, hồ bơi, dịch vụ hỗ trợ tour, 1-1.5 triệu. 3. Nice Dream Hotel (trung tâm) – 8.5/10, giá rẻ, sạch sẽ, wifi, bữa sáng đơn giản, gần chợ Hàn, 400k-600k. 4. Romeo & Juliet Resort (bãi biển) – 8.2/10, hồ bơi, gần Marble Mountains, hỗ trợ thuê xe, 500k-700k. 5. Canary Boutique Hotel – 8.0/10, budget, sạch sẽ, wifi, gần cầu Rồng, 300k-400k."
Đà Nẵng,Đà Nẵng,Di chuyển đến nơi,"Máy bay (Nội Bài/TSN → Đà Nẵng, 1.5-2 triệu khứ hồi, các hãng Vietnam Airlines, Vietjet). Xe khách (10-12h từ HN, 500k-700k). Tàu hỏa (15h từ HN, 800k-1 triệu). Từ sân bay Đà Nẵng về trung tâm: taxi/Grab 100k-200k (20 phút)."
Đà Nẵng,Đà Nẵng,Giao thông nội bộ,"Thuê xe máy: 150k-200k/ngày (dễ đi lại, khám phá Sơn Trà). Grab: 10k-15k/km, tiện lợi. Xe bus: 20k/lượt (tuyến sân bay-trung tâm). Xe điện Bà Nà: 900k vé khứ hồi (cáp treo). Thời gian di chuyển: trung tâm đến Bà Nà 1h, đến Marble Mountains 30 phút, chi phí hợp lý (Grab rẻ hơn taxi)."
Đà Nẵng,Đà Nẵng,Ẩm thực,"Đặc sản: Mi Quang (mì turmeric với tôm/thịt), Banh Trang Cuon Thit Heo (thịt heo cuốn bánh tráng), hải sản tươi (tôm hùm nướng, mực một nắng). Quán ngon: Bà Mua (Mi Quang, 52 Hoàng Hoa Thám, 50k-100k), Sen Á Đông (buffet hải sản, 1 Hạ Long, 200k-400k), hợp khẩu vị miền Bắc/Nam, giá hợp lý. An toàn thực phẩm cao ở quán uy tín, tránh dị ứng hải sản bằng cách hỏi nguyên liệu, chọn hải sản sống."
Đà Nẵng,Đà Nẵng,Hoạt động và trải nghiệm,"Tham quan: Cầu Rồng phun lửa (tối T7/CN), leo Marble Mountains (hang động, view), tắm biển Mỹ Khê (nước sạch, sóng nhẹ). Tắm biển, leo núi Sơn Trà (trekking khỉ hoang dã), chụp ảnh Cầu Vàng, khám phá văn hóa Chăm (bảo tàng), lễ hội pháo hoa (tháng 6), shopping chợ Hàn. Trải nghiệm độc đáo: Cáp treo Bà Nà dài nhất thế giới, kayak vịnh, food tour đường phố. Tour ngắn ngày: Bà Nà 1 ngày (900k), hoạt động trẻ em/gia đình: Sun World công viên nước, thủy cung."
Đà Nẵng,Đà Nẵng,Thông tin và kết nối,"Internet: Wifi mạnh khắp ks/quán (50-100Mbps), sóng điện thoại 4G/5G phủ sóng tốt (Viettel tốt nhất). Bản đồ: Google Maps, app du lịch: Danang Travel (tour), Klook (vé). Không cần visa nội địa. Bảo hiểm du lịch: 200k/3 ngày (bao kayak). Hỗ trợ khẩn cấp: 115 (cấp cứu), số địa phương: Sở Du lịch Đà Nẵng 0236 3550 111."
Đà Nẵng,Đà Nẵng,Yếu tố cá nhân,"Ai đi cùng: Gia đình (công viên, biển an toàn), bạn bè (water sports), người yêu (Cầu Vàng lãng mạn), một mình (thư giãn beach). Mục đích: Nghỉ dưỡng biển, khám phá hiện đại, đổi gió từ thành phố, chụp ảnh icon, học văn hóa Chăm. Trải nghiệm cảm xúc: Vui vẻ với lễ hội, thư giãn bên biển, thoải mái di chuyển, an toàn cao cho mọi lứa tuổi."
Đà Nẵng,Đà Nẵng,Thời tiết và khí hậu,"Thời điểm đẹp: Mùa khô 4–6 (nắng ấm, hoa nở), tránh mùa mưa bão 10–12 (mưa lớn, lũ). Nhiệt độ TB: 25–30°C, độ ẩm cao 80%, nắng gắt hè, mưa đột ngột. Trang phục: Đồ bơi, kem chống nắng SPF50, áo khoác mỏng tối, dép lê biển, giày thể thao leo núi. Ảnh hưởng lịch trình: Tắm biển ok mùa khô, trekking Marble Mountains tránh mưa trơn, tham quan ngoài trời tốt nắng đẹp; kiểm tra dự báo 5-7 ngày trước qua AccuWeather."

Hội An,Quảng Nam,Điểm đến,"Phố cổ UNESCO với đèn lồng rực rỡ, sông Hoài thơ mộng, làng gốm Thanh Hà (làm gốm thủ công), Cù Lao Chàm (biển đảo sinh thái, lặn san hô), mũi Đại Lãnh (bãi biển hoang sơ), ẩm thực cao lầu đặc trưng, check-in: Chùa Cầu (cầu Nhật Bản 400 năm), nhà cổ Tấn Ký (kiến trúc cổ), Phúc Kiến Hội Quán (hội quán Trung Hoa), An Bang Beach (bãi biển đẹp), Tra Que vegetable village (làng rau hữu cơ), My Son Sanctuary (di tích Chăm cổ)."
Hội An,Quảng Nam,Thời điểm đẹp nhất,"Tháng 2–8: Khô ráo, 25–30°C, lý tưởng thả đèn lồng và lễ hội. Tránh 9–12 (mưa lũ, ngập phố cổ), mùa đông 1–2 lạnh nhưng ít khách, hoa nở."
Hội An,Quảng Nam,Mức độ an toàn,"An ninh tốt, dân thân thiện, ít tội phạm. Cẩn thận lũ mùa mưa (theo dõi VTV, tránh đi bộ ngập). Biển an toàn với cứu hộ, không dịch bệnh. Cấp cứu: 115 hoặc BV Hội An."
Hội An,Quảng Nam,Tổng chi phí (3N2Đ/1 người),"Xe từ Đà Nẵng–Hội An: 100k-200k; KS boutique: 1-1.5 triệu; Ăn: 600k-800k; Vé phố cổ: 150k; Tour Cù Lao Chàm: 500k; Tổng ≈ 2.5-4 triệu (tiết kiệm) → 5-6 triệu (sang)."
Hội An,Quảng Nam,Gói tour tiết kiệm,"Combo 3N2Đ (ks + tour Cù Lao Chàm + phố cổ + cooking class): 2-3 triệu (Klook). Tour ngày My Son: 500k."
Hội An,Quảng Nam,Nơi ở (đề xuất 5),"1. Anantara Hoi An Resort (sông Hoài) – 9.0/10, view sông, hồ bơi, spa, bữa sáng, 1.5-2 triệu. 2. Rosa Alba Resort – 8.5/10, gần biển, bữa sáng, 1-1.2 triệu. 3. Hoang Trinh Hotel – 8.2/10, trung tâm cổ trấn, wifi, 400k-600k. 4. Lantana Boutique – 8.0/10, giá rẻ, sạch sẽ, 300k-500k. 5. Homestay phố cổ – 7.8/10, gia đình, bữa sáng, 250k-400k."
Hội An,Quảng Nam,Di chuyển đến nơi,"Máy bay → Đà Nẵng + xe (30km, 100k-200k, 45 phút). Xe khách từ HN: 1 triệu (20h). Tàu hỏa đến Đà Nẵng + bus."
Hội An,Quảng Nam,Giao thông nội bộ,"Thuê xe đạp: 50k/ngày (dạo phố cổ). Xe máy: 120k-150k. Đi bộ trung tâm miễn phí. Thời gian: phố cổ đến Cù Lao Chàm 1h thuyền, chi phí rẻ."
Hội An,Quảng Nam,Ẩm thực,"Đặc sản: Cao Lầu (mì dai với thịt xá xíu), Mi Quang (mì turmeric), White Rose (bánh cuốn tôm). Quán: Madam Khanh (banh mi, 74 Trần Hưng Đạo, 30k-50k), Morning Glory (cao lầu, 106 Nguyễn Thái Học, 100k-200k). Giá hợp lý, hợp khẩu vị Việt. An toàn cao, tránh dị ứng tôm bằng cách chọn quán sạch, hỏi nguyên liệu."
Hội An,Quảng Nam,Hoạt động và trải nghiệm,"Tham quan: Phố cổ ban đêm (đèn lồng), thả đèn sông Hoài (lễ hội hàng tháng). Tắm biển An Bang, lặn san hô Cù Lao Chàm, chụp ảnh Chùa Cầu, khám phá văn hóa Chăm My Son, lễ hội đèn lồng, shopping may đo. Trải nghiệm độc đáo: Làm đèn lồng workshop, cooking class cao lầu. Tour ngắn ngày: Cù Lao Chàm (500k), hoạt động trẻ em/gia đình: Làng gốm, basket boat tour."
Hội An,Quảng Nam,Thông tin và kết nối,"Internet: Wifi mạnh ks/quán (50Mbps+), sóng 4G tốt. Bản đồ: Google Maps, app: Hoi An Travel. Không visa. Bảo hiểm: 200k. Hỗ trợ: Sở Du lịch Quảng Nam 0251 3861 881."
Hội An,Quảng Nam,Yếu tố cá nhân,"Ai đi cùng: Người yêu (lãng mạn đèn lồng), gia đình (lễ hội vui), bạn bè (cooking class), một mình (thư giãn biển). Mục đích: Nghỉ dưỡng cổ trấn, khám phá văn hóa, đổi gió, chụp ảnh đèn lồng, học may đo. Trải nghiệm cảm xúc: Lãng mạn ban đêm, thư giãn biển, thoải mái đi bộ, an toàn cao."
Hội An,Quảng Nam,Thời tiết và khí hậu,"Thời điểm đẹp: Mùa khô 2–8 (25–30°C, hoa nở, ít mưa). Nhiệt độ TB: 25–30°C, độ ẩm 80%, mưa lớn 9–12. Trang phục: Áo thoáng, mũ, kem chống nắng, áo mưa mùa mưa, giày thoải mái dạo phố. Ảnh hưởng: Tắm biển ok khô, thả đèn tránh mưa; kiểm tra dự báo 5-7 ngày qua AccuWeather."

Huế,Thừa Thiên Huế,Điểm đến,"Cố đô UNESCO với Đại Nội (cung điện hoàng gia, Forbidden Purple City), lăng Khải Định (lăng mộ nghệ thuật), sông Hương (thơ mộng), cầu Tràng Tiền (cầu sắt cổ), mũi Đại Lãnh (biển), ẩm thực bún bò đặc trưng, check-in: Chùa Thiên Mụ (tháp 7 tầng), lăng Minh Mạng (kiến trúc phong thủy), lăng Tự Đức (hồ sen), Hue Citadel (tường thành cổ), Dong Ba Market (chợ truyền thống)."
Huế,Thừa Thiên Huế,Thời điểm đẹp nhất,"Tháng 3–8: Khô, 25–32°C, lý tưởng khám phá di tích. Tránh 9–11 (mưa lũ, ngập), mùa đông 12–2 lạnh nhưng hoa nở."
Huế,Thừa Thiên Huế,Mức độ an toàn,"An ninh tốt, di tích an toàn. Cẩn thận lũ mùa mưa (theo dõi VTV). Không dịch bệnh. Cấp cứu: 115 hoặc BV Huế."
Huế,Thừa Thiên Huế,Tổng chi phí (3N2Đ/1 người),"Máy bay khứ hồi: 1-2 triệu; KS: 800k-1.2 triệu; Ăn: 500k-700k; Vé Đại Nội: 200k; Boat sông Hương: 150k; Tổng ≈ 3-5 triệu (tiết kiệm) → 6 triệu (sang)."
Huế,Thừa Thiên Huế,Gói tour tiết kiệm,"Tour 3N2Đ (ks + Đại Nội + sông Hương + ca Huế): 2.5-3.5 triệu (Vietravel)."
Huế,Thừa Thiên Huế,Nơi ở (đề xuất 5),"1. Azerai La Residence (sông Hương) – 9.0/10, view sông, spa, bữa sáng, 1.5-2 triệu. 2. Huong Giang Resort – 8.5/10, hồ bơi, 800k-1 triệu. 3. Sunriver Boutique – 8.2/10, trung tâm, 400k-600k. 4. Hue Lotus Hotel – 8.0/10, sạch sẽ, 300k-500k. 5. Homestay Huế – 7.8/10, gia đình, 250k-400k."
Huế,Thừa Thiên Huế,Di chuyển đến nơi,"Máy bay (Nội Bài → Phú Bài, 1-2 triệu, 1h). Xe khách từ HN: 800k-1 triệu (15h). Tàu hỏa: 800k (15h)."
Huế,Thừa Thiên Huế,Giao thông nội bộ,"Thuê xích lô: 50-120k/giờ (dạo phố). Xe máy: 150k/ngày. Thời gian: trung tâm đến lăng Khải Định 30 phút, chi phí rẻ."
Huế,Thừa Thiên Huế,Ẩm thực,"Đặc sản: Bún Bò Huế (nước dùng cay), Cơm Hến (cơm mussel). Quán: Bà Đỏ (bún bò, 23 Nguyễn Thái Học, 30k-50k). Giá hợp lý, hợp khẩu vị cay. An toàn, tránh dị ứng hải sản."
Huế,Thừa Thiên Huế,Hoạt động và trải nghiệm,"Tham quan: Đại Nội (lịch sử hoàng gia), nghe ca Huế sông Hương. Leo lăng mộ, boat ride sông Hương, khám phá văn hóa Nguyễn triều, lễ hội Huế (tháng 4). Trải nghiệm độc đáo: Ca Huế biểu diễn, cooking class bún bò. Tour ngắn: Đại Nội 1 ngày (200k), hoạt động trẻ em: Vườn chim, boat ride."
Huế,Thừa Thiên Huế,Thông tin và kết nối,"Wifi mạnh ks. Bản đồ: Google Maps, app: Hue Travel. Không visa. Bảo hiểm: 200k. Hỗ trợ: Sở Du lịch Huế 0234 3828 288."
Huế,Thừa Thiên Huế,Yếu tố cá nhân,"Ai đi cùng: Gia đình (lịch sử giáo dục), người yêu (sông Hương lãng mạn), bạn bè (tour lăng mộ). Mục đích: Khám phá lịch sử, văn hóa, thư giãn sông nước. Cảm xúc: Trầm mặc cổ kính, thư giãn, an toàn."
Huế,Thừa Thiên Huế,Thời tiết và khí hậu,"Thời điểm đẹp: Mùa khô 3–8 (25–32°C). Nhiệt độ TB: 25–32°C, mưa lớn 9–11. Trang phục: Áo thoáng, mũ, giày thoải mái dạo di tích. Ảnh hưởng: Tham quan ok khô, boat ride tránh mưa; kiểm tra dự báo."

Nha Trang,Khánh Hòa,Điểm đến,"Biển đảo với Vinpearl Land (công viên giải trí, thủy cung), viện Hải Dương học (bảo tàng sinh vật biển), tháp Ponagar (di tích Chăm cổ), chợ Đầm (mua sắm hải sản), mũi Đại Lãnh (mũi cực Đông), check-in: Hòn Chồng (đá chồng kỳ lạ), đảo Bình Ba (làng chài), Hon Mun (lặn san hô), Hon Tam (resort đảo), Tri Nguyen Aquarium (hồ cá ngoài trời)."
Nha Trang,Khánh Hòa,Thời điểm đẹp nhất,"Tháng 3–9: Khô, 25–30°C, lý tưởng lặn biển. Tránh 10–12 (mưa bão, sóng lớn)."
Nha Trang,Khánh Hòa,Mức độ an toàn,"An ninh tốt, biển có cứu hộ. Cẩn thận bão mùa mưa. Không dịch bệnh. Cấp cứu: 115 hoặc BV Nha Trang."
Nha Trang,Khánh Hòa,Tổng chi phí (4N3Đ/1 người),"Bay khứ hồi: 1-2 triệu; KS: 1-1.5 triệu; Ăn: 800k; Vé Vinpearl: 880k; Tour đảo: 500k; Tổng ≈ 3.5-5 triệu (tiết kiệm) → 6-8 triệu (sang)."
Nha Trang,Khánh Hòa,Gói tour tiết kiệm,"Tour 4N3Đ (ks + Vinpearl + đảo lặn): 3-4 triệu (Klook)."
Nha Trang,Khánh Hòa,Nơi ở (đề xuất 5),"1. Champa Island Resort – 8.5/10, đảo riêng, hồ bơi, 1-1.5 triệu. 2. Sheraton Nha Trang – 8.7/10, view biển, 1-1.2 triệu. 3. An Lam Retreats – 9.0/10, sinh thái, 1.5-2 triệu. 4. Nice Dream Hotel – 8.2/10, trung tâm, 400k-600k. 5. Homestay Nha Trang – 8.0/10, giá rẻ, 300k-400k."
Nha Trang,Khánh Hòa,Di chuyển đến nơi,"Máy bay (TSN → Cam Ranh, 1-2 triệu, 1h). Xe khách từ HN: 500k-700k (20h)."
Nha Trang,Khánh Hòa,Giao thông nội bộ,"Thuê xe máy: 150k-200k/ngày. Grab: 10k/km. Thời gian: trung tâm đến Vinpearl 20 phút cáp treo, chi phí hợp lý."
Nha Trang,Khánh Hòa,Ẩm thực,"Đặc sản: Hải sản (bún cá, tôm hùm), Bún Cá (nước dùng cá tươi). Quán: Hải sản 26 (view biển, 150k-400k). Giá hợp lý, hợp khẩu vị biển. An toàn, chọn hải sản sống."
Nha Trang,Khánh Hòa,Hoạt động và trải nghiệm,"Tắm biển Nha Trang, lặn san hô Hon Mun, Vinpearl (cáp treo, công viên nước), thăm tháp Ponagar (văn hóa Chăm), lễ hội biển (tháng 6), shopping chợ Đầm. Trải nghiệm độc đáo: Mud bath spa, snorkeling đảo. Tour ngắn: Đảo 1 ngày (500k), hoạt động trẻ em: Thủy cung, công viên nước."
Nha Trang,Khánh Hòa,Thông tin và kết nối,"Wifi mạnh. Bản đồ: Google Maps, app: Nha Trang Travel. Không visa. Bảo hiểm: 200k. Hỗ trợ: Sở Du lịch Khánh Hòa 0258 3528 000."
Nha Trang,Khánh Hòa,Yếu tố cá nhân,"Ai đi cùng: Gia đình (Vinpearl vui), cặp đôi (lặn lãng mạn), bạn bè (water sports). Mục đích: Nghỉ dưỡng biển, khám phá đảo, thư giãn spa. Cảm xúc: Vui vẻ giải trí, thư giãn, an toàn."
Nha Trang,Khánh Hòa,Thời tiết và khí hậu,"Thời điểm đẹp: Mùa khô 3–9 (25–30°C). Nhiệt độ TB: 25–30°C, mưa 10–12. Trang phục: Đồ bơi, kem chống nắng, áo khoác mỏng. Ảnh hưởng: Lặn biển ok khô, tránh bão; kiểm tra dự báo."

Đà Lạt,Lâm Đồng,Điểm đến,"Thành phố ngàn hoa với hồ Xuân Hương (hồ trung tâm), thác Datanla (cáp treo, trượt máng), vườn hoa thành phố (hàng ngàn loài hoa), chợ đêm (mua sắm dâu tây), check-in: Đồi chè Cầu Đất (xanh mướt), vườn dâu tây (hái dâu), Crazy House (kiến trúc kỳ quái), Langbiang Mountain (leo núi), Truc Lam Pagoda (chùa thiền), Pongour Waterfall (thác voi)."
Đà Lạt,Lâm Đồng,Thời điểm đẹp nhất,"Tháng 11–4: Khô, hoa nở rộ, 15–25°C. Tránh 5–10 (mưa lớn, sương mù)."
Đà Lạt,Lâm Đồng,Mức độ an toàn,"An ninh tốt. Lạnh đêm, cẩn thận cảm cúm. An toàn đường đèo, lái cẩn thận. Cấp cứu: 115 hoặc BV Đà Lạt."
Đà Lạt,Lâm Đồng,Tổng chi phí (3N2Đ/1 người),"Bay khứ hồi: 1-2 triệu; KS: 800k-1.2 triệu; Ăn: 500k-700k; Vé thác Datanla: 50k; Tổng ≈ 2.5-4 triệu (tiết kiệm) → 5-6 triệu (sang)."
Đà Lạt,Lâm Đồng,Gói tour tiết kiệm,"Combo 3N2Đ (ks + tour vườn hoa + thác): 2-3 triệu (Klook)."
Đà Lạt,Lâm Đồng,Nơi ở (đề xuất 5),"1. Ana Mandara Villas – 9.0/10, villa cổ, 1.5-2 triệu. 2. Swiss-Belresort Tuyen Lam – 8.5/10, hồ bơi, 1-1.2 triệu. 3. Romeo & Juliet Hotel – 8.2/10, trung tâm, 500k-700k. 4. Nice Dream Hotel – 8.0/10, giá rẻ, 400k-500k. 5. Homestay Đà Lạt – 7.8/10, thân thiện, 300k-400k."
Đà Lạt,Lâm Đồng,Di chuyển đến nơi,"Máy bay (TSN → Liên Khương, 1-2 triệu, 1h). Xe khách từ HN: 500k-700k (20h)."
Đà Lạt,Lâm Đồng,Giao thông nội bộ,"Thuê xe máy: 150k-200k/ngày. Grab: 10k/km. Thời gian: trung tâm đến thác Datanla 20 phút."
Đà Lạt,Lâm Đồng,Ẩm thực,"Đặc sản: Bánh căn (bánh nướng giòn), Lẩu bò (nóng hổi). Quán: Quán Gỗ (bánh căn, 50k-100k). Giá hợp lý, hợp khẩu vị lạnh. An toàn, chọn quán sạch."
Đà Lạt,Lâm Đồng,Hoạt động và trải nghiệm,"Tham quan: Hồ Xuân Hương (dạo bộ), hái dâu vườn, trượt máng thác Datanla, khám phá văn hóa cồng chiêng, lễ hội hoa (tháng 12), shopping chợ đêm. Trải nghiệm độc đáo: Cloud hunting Langbiang, coffee view đồi. Tour ngắn: Vườn hoa 1 ngày (50k), hoạt động trẻ em: Vườn dâu, cáp treo."
Đà Lạt,Lâm Đồng,Thông tin và kết nối,"Wifi tốt. Bản đồ: Google Maps, app: Dalat Travel. Không visa. Bảo hiểm: 200k. Hỗ trợ: Sở Du lịch Lâm Đồng 0263 3822 111."
Đà Lạt,Lâm Đồng,Yếu tố cá nhân,"Ai đi cùng: Người yêu (lãng mạn hoa), gia đình (vườn dâu vui). Mục đích: Nghỉ dưỡng mát mẻ, chụp ảnh hoa, đổi gió. Cảm xúc: Thơ mộng, thư giãn, an toàn."
Đà Lạt,Lâm Đồng,Thời tiết và khí hậu,"Thời điểm đẹp: Mùa hoa 11–4 (15–25°C). Nhiệt độ TB: 15–25°C, sương mù sáng. Trang phục: Áo ấm, khăn, giày thoải mái. Ảnh hưởng: Trekking ok khô, tránh mưa sương; kiểm tra dự báo."

Phong Nha,Quảng Bình,Điểm đến,"Vườn quốc gia UNESCO với động Phong Nha (hang sông dài nhất), Thiên Đường (hang khô đẹp), Sơn Đoòng (hang lớn nhất thế giới), suối Moọc (tắm suối), mũi Đại Lãnh (biển), check-in: Hang Én (hang chim yến), Zipline sông Chày (zipline dài), Blue Diamond Retreat (cắm trại), Vinh Moc Tunnels (di tích chiến tranh), Nhat Le Beach (bãi biển gần)."
Phong Nha,Quảng Bình,Thời điểm đẹp nhất,"Tháng 3–8: Khô, 25–30°C, lý tưởng khám hang. Tránh 9–11 (mưa lũ, hang ngập)."
Phong Nha,Quảng Bình,Mức độ an toàn,"An ninh tốt. Cẩn thận lũ hang động, chỉ đi tour hướng dẫn. Không dịch bệnh. Cấp cứu: 115 hoặc BV Phong Nha."
Phong Nha,Quảng Bình,Tổng chi phí (3N2Đ/1 người),"Xe HN–QB: 600k-800k; KS: 600k; Ăn: 400k-500k; Vé động Phong Nha: 150k; Trek Sơn Đoòng: cao; Tổng ≈ 2-3 triệu (tiết kiệm) → 5 triệu (tour hang)."
Phong Nha,Quảng Bình,Gói tour tiết kiệm,"Tour 3N2Đ (ks + động Phong Nha + Thiên Đường + zipline): 2.5-3.5 triệu (Oxalis)."
Phong Nha,Quảng Bình,Nơi ở (đề xuất 5),"1. Chày Lập Farmstay – 8.5/10, sinh thái, 600k-800k. 2. Phong Nha Lake House – 8.2/10, view hồ, 400k-500k. 3. Nguyen Shack – 8.0/10, giá rẻ, 300k-400k. 4. Funny Monkeys Homestay – 7.8/10, thân thiện, 250k-350k. 5. Homestay Phong Nha – 7.5/10, cơ bản, 200k-300k."
Phong Nha,Quảng Bình,Di chuyển đến nơi,"Xe khách (12h từ HN, 600k-800k). Máy bay → Đồng Hới + xe (1h, 100k)."
Phong Nha,Quảng Bình,Giao thông nội bộ,"Thuê xe máy: 150k-200k/ngày. Tour xe đưa đón: 100k-200k. Thời gian: trung tâm đến động Phong Nha 30 phút."
Phong Nha,Quảng Bình,Ẩm thực,"Đặc sản: Thịt nướng lá chuối, cá sông nướng. Quán địa phương (gần ks, 50k-150k). Giá rẻ, hợp khẩu vị rừng. An toàn, chọn quán sạch."
Phong Nha,Quảng Bình,Hoạt động và trải nghiệm,"Khám hang Phong Nha (boat ride sông ngầm), zipline sông Chày, trekking Thiên Đường, kayak suối Moọc, thăm Vinh Moc Tunnels (lịch sử). Trải nghiệm độc đáo: Cắm trại hang Én, star-gazing. Tour ngắn: Động 1 ngày (150k), hoạt động trẻ em: Suối Moọc tắm, zipline nhẹ."
Phong Nha,Quảng Bình,Thông tin và kết nối,"Wifi trung bình ks. Bản đồ: Google Maps offline, app: Oxalis Adventure. Không visa. Bảo hiểm: 200k. Hỗ trợ: Sở Du lịch Quảng Bình 0232 3822 111."
Phong Nha,Quảng Bình,Yếu tố cá nhân,"Ai đi cùng: Bạn bè (mạo hiểm hang), gia đình (tour nhẹ). Mục đích: Khám phá hang động, thiên nhiên. Cảm xúc: Hùng vĩ, phiêu lưu, an toàn với hướng dẫn."
Phong Nha,Quảng Bình,Thời tiết và khí hậu,"Thời điểm đẹp: Mùa khô 3–8 (25–30°C). Nhiệt độ TB: 25–30°C, lũ 9–11. Trang phục: Giày chống nước, áo mưa, quần dài trekking. Ảnh hưởng: Khám hang ok khô, tránh lũ; kiểm tra dự báo."

Quy Nhơn,Bình Định,Điểm đến,"Biển Kỳ Co (biển xanh ngọc), Eo Gió (vách đá gió hú), Ghềnh Ráng (mộ Hàn Mặc Tử), bảo tàng Quang Trung (lịch sử), mũi Đại Lãnh (mũi Đông), check-in: Đồi cát Phương Mai (trượt cát), đảo Hòn Khô (làng chài), Thap Doi (tháp Chăm đôi), Ky Co Beach (bãi tắm hoang sơ)."
Quy Nhơn,Bình Định,Thời điểm đẹp nhất,"Tháng 3–9: Khô, 25–30°C, lý tưởng biển. Tránh 10–12 (mưa bão)."
Quy Nhơn,Bình Định,Mức độ an toàn,"An ninh tốt. Biển an toàn cứu hộ. Cẩn thận bão. Cấp cứu: 115 hoặc BV Quy Nhơn."
Quy Nhơn,Bình Định,Tổng chi phí (3N2Đ/1 người),"Bay khứ hồi: 1-2 triệu; KS: 800k; Ăn: 500k; Tour Kỳ Co: 500k; Tổng ≈ 3-4 triệu."
Quy Nhơn,Bình Định,Gói tour tiết kiệm,"Combo 3N2Đ (ks + Kỳ Co + Eo Gió): 2.5-3.5 triệu."
Quy Nhơn,Bình Định,Nơi ở (đề xuất 5),"1. FLC Luxury Quy Nhon – 8.5/10, resort biển, 1-1.5 triệu. 2. Seaside Boutique – 8.2/10, view biển, 600k-800k. 3. Life's A Beach Homestay – 8.0/10, giá rẻ, 400k-500k. 4. Homestay Quy Nhơn – 7.8/10, thân thiện, 300k-400k. 5. AVANI Quy Nhon Resort – 9.0/10, cao cấp, 1.5-2 triệu."
Quy Nhơn,Bình Định,Di chuyển đến nơi,"Máy bay (Phù Cát, 1-2 triệu). Xe khách từ HN: 500k-700k (20h)."
Quy Nhơn,Bình Định,Giao thông nội bộ,"Thuê xe máy: 150k-200k/ngày. Grab: 10k/km. Thời gian: trung tâm đến Kỳ Co 1h."
Quy Nhơn,Bình Định,Ẩm thực,"Đặc sản: Banh Xeo Tom Nhay (bánh xèo tôm tươi), hải sản. Quán địa phương (biển, 100k-200k). Giá rẻ, hợp biển. An toàn."
Quy Nhơn,Bình Định,Hoạt động và trải nghiệm,"Snorkeling Kỳ Co, leo Eo Gió, thăm Ghềnh Ráng, bảo tàng Quang Trung. Trải nghiệm độc đáo: Trượt cát đồi Phương Mai. Tour ngắn: Kỳ Co 1 ngày (500k), hoạt động trẻ em: Bãi biển, trượt cát."
Quy Nhơn,Bình Định,Thông tin và kết nối,"Wifi tốt. Bản đồ: Google Maps. Không visa. Bảo hiểm: 200k. Hỗ trợ: Sở Du lịch Bình Định 0256 3822 111."
Quy Nhơn,Bình Định,Yếu tố cá nhân,"Ai đi cùng: Cặp đôi (biển lãng mạn), gia đình (trượt cát vui). Mục đích: Nghỉ dưỡng hoang sơ, khám phá. Cảm xúc: Yên bình, thư giãn."
Quy Nhơn,Bình Định,Thời tiết và khí hậu,"Thời điểm đẹp: Mùa khô 3–9 (25–30°C). Nhiệt độ TB: 25–30°C, mưa 10–12. Trang phục: Đồ bơi, kem chống nắng. Ảnh hưởng: Biển ok khô; kiểm tra dự báo."

Phú Yên,Phú Yên,Điểm đến,"Gành Đá Đĩa (đá bazan hình lục giác), vịnh Vũng Rô (biển xanh), đầm Ô Loan (đầm phá hải sản), mũi Đại Lãnh (mũi Đông, hải đăng), check-in: Bãi Xép (bãi biển hoang sơ), hải đăng Đại Lãnh (view biển), O Loan Lagoon (kayak), Bai Mon Beach (bãi biển sạch)."
Phú Yên,Phú Yên,Thời điểm đẹp nhất,"Tháng 3–8: Khô, 25–30°C. Tránh 9–12 (mưa)."
Phú Yên,Phú Yên,Mức độ an toàn,"An ninh tốt. Biển an toàn. Cẩn thận mưa lũ. Cấp cứu: 115 hoặc BV Phú Yên."
Phú Yên,Phú Yên,Tổng chi phí (3N2Đ/1 người),"Xe: 500k; KS: 600k; Ăn: 400k; Tour Gành Đá Đĩa: 200k; Tổng ≈ 2-3 triệu."
Phú Yên,Phú Yên,Gói tour tiết kiệm,"Tour 3N2Đ (ks + Gành Đá Đĩa + Vũng Rô): 2-3 triệu."
Phú Yên,Phú Yên,Nơi ở (đề xuất 5),"1. Rosa Alba Tuy Hòa – 8.5/10, biển, 800k-1 triệu. 2. Cendeluxe Hotel – 8.2/10, trung tâm, 600k-800k. 3. Sao Việt Hotel – 8.0/10, giá rẻ, 400k-500k. 4. Homestay Phú Yên – 7.8/10, 300k-400k. 5. Stelia Beach Resort – 9.0/10, cao cấp, 1.5 triệu."
Phú Yên,Phú Yên,Di chuyển đến nơi,"Máy bay (Tuy Hòa, 1-2 triệu). Xe khách: 500k (10h từ TPHCM)."
Phú Yên,Phú Yên,Giao thông nội bộ,"Xe máy: 150k-200k. Grab hạn chế, dùng taxi địa phương."
Phú Yên,Phú Yên,Ẩm thực,"Đặc sản: Mắt cá ngừ đại dương, sò huyết Ô Loan. Quán địa phương (đầm, 100k-200k). Giá rẻ. An toàn."
Phú Yên,Phú Yên,Hoạt động và trải nghiệm,"Ngắm Gành Đá Đĩa, kayak đầm Ô Loan, thăm mũi Đại Lãnh. Trải nghiệm độc đáo: Hải đăng đêm. Tour ngắn: Gành Đá 1 ngày (200k), hoạt động trẻ em: Bãi biển."
Phú Yên,Phú Yên,Thông tin và kết nối,"Wifi trung bình. Bản đồ: Google Maps. Không visa. Bảo hiểm: 200k. Hỗ trợ: Sở Du lịch Phú Yên 0257 3822 111."
Phú Yên,Phú Yên,Yếu tố cá nhân,"Ai đi cùng: Bạn bè (khám phá hoang sơ). Mục đích: Thiên nhiên, biển. Cảm xúc: Bình yên."
Phú Yên,Phú Yên,Thời tiết và trang phục,"25–30°C. Mang: Đồ bơi, kem chống nắng, giày thoải mái."

Phan Thiết,Bình Thuận,Điểm đến,"Biển Mũi Né (resort), đồi cát trắng/đỏ (trượt cát), suối Tiên (suối đỏ kỳ lạ), tháp Poshanư (tháp Chăm), mũi Đại Lãnh (biển), check-in: Bãi đá Ông Địa (đá hình lạ), RD Wine Castle (lâu đài rượu), fishing village (làng chài)."
Phan Thiết,Bình Thuận,Thời điểm đẹp nhất,"Tháng 11–4: Khô, 25–30°C. Tránh 5–10 (mưa)."
Phan Thiết,Bình Thuận,Mức độ an toàn,"An ninh tốt. Cẩn thận cát lún đồi. Biển an toàn. Cấp cứu: 115 hoặc BV Phan Thiết."
Phan Thiết,Bình Thuận,Tổng chi phí (3N2Đ/1 người),"Xe: 400k; KS: 800k; Ăn: 500k; Tour đồi cát: 200k; Tổng ≈ 2-3 triệu."
Phan Thiết,Bình Thuận,Gói tour tiết kiệm,"Combo 3N2Đ (ks + Mũi Né + đồi cát jeep): 2-3 triệu."
Phan Thiết,Bình Thuận,Nơi ở (đề xuất 5),"1. Sailing Club Resort – 8.5/10, biển, 1-1.5 triệu. 2. Anantara Mui Ne – 9.0/10, luxury, 1.5-2 triệu. 3. Bamboo Village – 8.2/10, sinh thái, 600k-800k. 4. Homestay Mũi Né – 7.8/10, 300k-400k. 5. Victoria Phan Thiet – 8.7/10, resort, 1-1.2 triệu."
Phan Thiết,Bình Thuận,Di chuyển đến nơi,"Xe khách (5h từ TPHCM, 200k-300k). Máy bay → TSN + xe."
Phan Thiết,Bình Thuận,Giao thông nội bộ,"Xe máy: 150k-200k. Tour jeep đồi cát: 200k-300k."
Phan Thiết,Bình Thuận,Ẩm thực,"Đặc sản: Hải sản, Lẩu thả (lẩu rau củ hải sản). Quán địa phương (Mũi Né, 100k-200k). Giá rẻ. An toàn."
Phan Thiết,Bình Thuận,Hoạt động và trải nghiệm,"Trượt cát đồi đỏ, lướt ván diều Mũi Né, thăm tháp Poshanư. Trải nghiệm độc đáo: Quad bike đồi cát. Tour ngắn: Đồi cát 1 ngày (200k), hoạt động trẻ em: Trượt cát."
Phan Thiết,Bình Thuận,Thông tin và kết nối,"Wifi tốt. Bản đồ: Google Maps. Không visa. Bảo hiểm: 200k. Hỗ trợ: Sở Du lịch Bình Thuận 0252 3822 111."
Phan Thiết,Bình Thuận,Yếu tố cá nhân,"Ai đi cùng: Gia đình (trượt cát vui). Mục đích: Biển mạo hiểm. Cảm xúc: Vui vẻ, hoang dã."
Phan Thiết,Bình Thuận,Thời tiết và trang phục,"25–30°C. Mang: Đồ bơi, kem chống nắng, giày thể thao."

Ninh Thuận,Ninh Thuận,Điểm đến,"Vịnh Vĩnh Hy (biển xanh, lặn), hang Rái (đá chồng kỳ lạ), vườn nho (hái nho), tháp Chăm Poklong Garai (kiến trúc cổ), mũi Đại Lãnh (mũi Đông), check-in: Bãi biển Ninh Chữ (dài sạch), đồi cát Nam Cương (trượt cát), Vinh Hy Bay (kayak), Bau Truc pottery village (làng gốm Chăm)."
Ninh Thuận,Ninh Thuận,Thời điểm đẹp nhất,"Tháng 3–9: Khô, 25–30°C. Tránh 10–12 (mưa)."
Ninh Thuận,Ninh Thuận,Mức độ an toàn,"An ninh tốt. Cẩn thận nắng nóng sa mạc-like. Biển an toàn. Cấp cứu: 115 hoặc BV Ninh Thuận."
Ninh Thuận,Ninh Thuận,Tổng chi phí (3N2Đ/1 người),"Xe: 500k; KS: 600k; Ăn: 400k; Tour vịnh: 500k; Tổng ≈ 2-3 triệu."
Ninh Thuận,Ninh Thuận,Gói tour tiết kiệm,"Tour 3N2Đ (ks + Vĩnh Hy + nho): 2-3 triệu."
Ninh Thuận,Ninh Thuận,Nơi ở (đề xuất 5),"1. TTC Resort Ninh Thuan – 8.5/10, biển, 600k-800k. 2. Amanoi Resort – 9.0/10, luxury, 4-5 triệu. 3. Hoan My Resort – 8.2/10, 500k-600k. 4. Con Ga Vang Hotel – 8.0/10, 400k-500k. 5. Homestay Ninh Thuan – 7.8/10, 300k-400k."
Ninh Thuận,Ninh Thuận,Di chuyển đến nơi,"Xe khách (6h từ TPHCM, 300k-400k). Máy bay → Cam Ranh + xe (1h, 100k)."
Ninh Thuận,Ninh Thuận,Giao thông nội bộ,"Xe máy: 150k-200k. Tour xe đưa đón: 100k-200k."
Ninh Thuận,Ninh Thuận,Ẩm thực,"Đặc sản: Thịt cừu nướng, nho tươi. Quán địa phương (vườn nho, 100k-200k). Giá rẻ. An toàn."
Ninh Thuận,Ninh Thuận,Hoạt động và trải nghiệm,"Lặn Vĩnh Hy, hái nho vườn, thăm tháp Poklong Garai. Trải nghiệm độc đáo: Làm gốm Chăm. Tour ngắn: Vịnh 1 ngày (500k), hoạt động trẻ em: Đồi cát."
Ninh Thuận,Ninh Thuận,Thông tin và kết nối,"Wifi trung bình. Bản đồ: Google Maps. Không visa. Bảo hiểm: 200k. Hỗ trợ: Sở Du lịch Ninh Thuận 0259 3822 111."
Ninh Thuận,Ninh Thuận,Yếu tố cá nhân,"Ai đi cùng: Bạn bè (lặn mạo hiểm). Mục đích: Văn hóa Chăm, thiên nhiên. Cảm xúc: Hoang sơ, thư giãn."
Ninh Thuận,Ninh Thuận,Thời tiết và trang phục,"25–30°C. Mang: Kem chống nắng, mũ, giày thoải mái."
